trade_date,strategy,regime,base_cycle_index,is_base_entry_day,is_base_expiry_day,liquidation_applied,regime_evaluation_day,hedge_eligible_day,hedge_executed_day,no_hedge_reason,spot,base_contract_id,base_expiry,base_dte,base_option_price_per_share,base_delta_per_share,base_gamma_per_share,base_vega_per_share,base_theta_per_share,base_contracts_held,base_trade_contracts,selected_hedge_id,targeted_greek,pre_delta,pre_gamma,pre_vega,pre_theta,pre_greek_abs_sum,hedge_contracts_theory,hedge_contracts_actual,stock_position_theory,stock_position_actual,stock_trade_shares,post_delta,post_gamma,post_vega,post_theta,gross_live_option_exposure,gross_option_turnover_contracts,gross_hedge_option_turnover_contracts,base_trade_cashflow,option_liquidation_cashflow,stock_liquidation_cashflow,option_trade_cashflow,total_trade_cashflow,cumulative_cash_outflow_before_interest,interest_cost,cumulative_cash_outflow_after_interest
2025-12-12,delta_gamma_vega,medium,1,True,False,False,True,True,True,executed,226.19000244140625,2026-01-11|225.0|call,2026-01-11,30,5.048122778292949,0.5805940131378168,0.038224879253191124,25.340359254575176,-28.753457766017846,-1000.0,-1000.0,2025-12-19|225.0|call (+329) | 2026-02-27|225.0|call (+528),delta_gamma_vega,-58059.40131378168,-3822.4879253191125,-2534035.9254575176,2875345.7766017844,2595917.8146966184,,,7123.188077302206,7100.0,7100.0,-9.776328483323596,0.011084104713745546,1234.000938829966,73838.52765516948,1000.0,857.0,857.0,-504812.27782929497,0.0,0.0,516431.6456898551,1617568.3851945444,1617568.3851945444,226.26701238389333,1617794.6522069282
2025-12-15,delta_gamma_vega,medium,1,False,False,False,True,True,True,executed,222.5399932861328,2026-01-11|225.0|call,2026-01-11,27,3.14242819246833,0.43495427911047535,0.03933142862284237,23.8247983947453,-29.940943870017797,-1000.0,0.0,2025-12-24|225.0|call (+446) | 2026-03-01|220.0|call (+463),delta_gamma_vega,-1379.4162190301467,183.1046705264573,-18503.954535319936,-28641.39151089685,20066.47542487654,,,-569.6818564873502,-500.0,-7600.0,26.273144201106334,-1.3408035567360912,-2805.7979583039414,17223.016563170473,1857.0,1766.0,1766.0,0.0,0.0,0.0,124015.86985362704,-1567288.0791209824,50506.5730859458,7.090962737014297,50513.66404868281
2025-12-16,delta_gamma_vega,medium,1,False,False,False,True,True,True,executed,222.55999755859375,2026-01-11|225.0|call,2026-01-11,26,3.0625373139032632,0.4332369538309996,0.0401140619383698,23.364608264535818,-30.382490743152413,-1000.0,0.0,2025-12-24|225.0|call (+434) | 2026-03-02|220.0|call (+465),delta_gamma_vega,-193.24835135062312,78.4249043452678,-7930.106354687363,-32262.176982805133,8201.779610383253,,,-69.24873384593957,-0.0,500.0,15.591060156279127,-6.0197551878914055,-2705.7588481230196,25793.523237333167,1909.0,940.0,940.0,0.0,0.0,0.0,2983.5226114255233,114263.5213907224,164777.1854394052,23.179965672785436,164800.365405078
2025-12-17,delta_gamma_vega,medium,1,False,False,False,True,True,True,executed,221.27000427246094,2026-01-11|225.0|call,2026-01-11,25,2.7142293085765345,0.38750363925483566,0.0374208261101117,22.17764080397053,-31.553689174339013,-1000.0,0.0,2025-12-24|220.0|call (+388) | 2026-03-04|220.0|call (+443),delta_gamma_vega,-595.688690647079,-114.06770065771877,35181.88190957997,118297.11177289952,35891.63830088477,,,-10646.815850143674,-10600.0,-10600.0,2.889467549695837,-3.817989053363249,-1673.2996665826067,-34898.970326646115,1899.0,1730.0,1730.0,0.0,0.0,0.0,63468.04733129982,-2281993.9979567863,-2117193.6325517083,-297.66734142010574,-2117491.299893128
2025-12-18,delta_gamma_vega,medium,1,False,False,False,True,True,True,executed,226.75999450683594,2026-01-11|225.0|call,2026-01-11,24,5.139055925028828,0.6007553120117941,0.03936902523322273,22.453402379152635,-33.418090424900264,-1000.0,0.0,2025-12-25|225.0|call (+423) | 2026-03-05|225.0|call (+433),delta_gamma_vega,-3877.1132820050043,-1950.9423991567246,-486246.84232405527,1360369.7799887923,492074.898005217,,,7059.292951177595,7100.0,17700.0,30.190364356927603,-0.30709932384309013,-773.231390847126,75564.79836468177,1831.0,1687.0,1687.0,0.0,0.0,0.0,-282882.2400815283,3730769.662689468,1613278.3627963397,225.47486165773793,1613503.8376579974
2025-12-19,delta_gamma_vega,low,1,False,False,False,True,True,True,executed,227.35000610351562,2026-01-11|225.0|call,2026-01-11,23,4.988063029520646,0.6389067541641391,0.044000768327489996,21.373395067215146,-30.23301632402786,-1000.0,0.0,2025-12-29|225.0|call (+555) | 2026-03-05|225.0|call (+351),delta_gamma_vega,354.1662306880462,-50.71124642476434,-5871.592293252004,100298.71297254402,6276.469770364814,,,4437.101958252129,4400.0,-2700.0,-32.01635461882688,1.3570589280619743,-632.4459735625423,46422.99918999325,1856.0,1060.0,1060.0,0.0,0.0,0.0,1358.2536834701023,-612486.7627960221,1001017.0748619753,139.9040560367512,1001156.978918012
2025-12-22,delta_gamma_vega,low,1,False,False,False,True,True,True,executed,228.42999267578125,2026-01-11|225.0|call,2026-01-11,20,5.301416341534264,0.7033349715205598,0.04593312442269197,18.49724595718397,-29.25380256505204,-1000.0,0.0,2025-12-29|230.0|call (+435) | 2026-03-09|230.0|call (+317),delta_gamma_vega,951.0682950783594,-143.04659165458474,-20186.406896095723,114084.30332998419,21280.521782828666,,,37487.87590252364,37500.0,33100.0,-0.009077617522052606,-1.1816046670872993,-826.6978088202886,318107.9855564304,1906.0,1658.0,1658.0,0.0,0.0,0.0,-288102.433622555,7272930.3239458045,8274087.302863817,1158.3722606023516,8275245.675124419
2025-12-23,delta_gamma_vega,low,1,False,False,False,True,True,True,executed,232.13999938964844,2026-01-11|225.0|call,2026-01-11,19,8.13021832554665,0.8524729331231952,0.030953185753020147,12.21256379634211,-23.2298610240099,-1000.0,0.0,2025-12-30|230.0|call (+330) | 2026-03-10|230.0|call (+209),delta_gamma_vega,2730.7342150527875,1299.801376119814,504473.5029629882,-376580.8705157018,508504.0385541608,,,49295.12365967267,49300.0,11800.0,8.680548644781084,0.8216078776255245,-227.7622765803244,416806.9673867175,1752.0,1291.0,1291.0,0.0,0.0,0.0,-113499.91443432501,2625752.0783635266,10900997.753487945,1534.3586620281596,10902532.112149972
2025-12-24,delta_gamma_vega,low,1,False,False,False,True,True,True,executed,232.3800048828125,2026-01-11|225.0|call,2026-01-11,18,8.215650526641866,0.8744123934504451,0.029579474928131854,10.657832071870521,-21.551991779583517,-1000.0,0.0,2026-01-01|230.0|call (+341) | 2026-03-09|230.0|call (+167),delta_gamma_vega,-678.5591081624461,279.44658678826204,94358.08632147755,285619.9128387124,95316.09201642826,,,52611.349606829135,52600.0,3300.0,-28.79534024813438,-2.2083107037331047,37.129901922889985,441019.5158195709,1539.0,1047.0,1047.0,0.0,0.0,0.0,-22881.801991413115,743972.2141218681,11646504.326271841,1642.9890340231923,11648147.315305864
2025-12-26,delta_gamma_vega,low,1,False,False,False,True,True,True,executed,232.52000427246094,2026-01-11|225.0|call,2026-01-11,16,8.232010678122691,0.8885888302184435,0.028557938984187743,9.2380675393577,-21.411070239431645,-1000.0,0.0,2026-01-05|230.0|call (+392) | 2026-03-12|230.0|call (+100),delta_gamma_vega,-239.29665036232836,284.84123664179054,57325.94509483047,300957.62518302235,57850.082981834596,,,54894.42337545882,54900.0,2300.0,-23.32191161359242,-0.9325727965328952,-2080.384742136812,454477.57348735735,1508.0,1000.0,1000.0,0.0,0.0,0.0,-17410.23374250991,517385.77608415025,12165533.091390016,1710.4160132523655,12167243.507403268
2025-12-29,delta_gamma_vega,low,1,False,False,False,True,True,True,executed,232.07000732421875,2026-01-11|225.0|call,2026-01-11,13,7.697240342302081,0.8874882709242655,0.030685411960888514,8.369586683669066,-23.72184618607103,-1000.0,0.0,2026-01-06|230.0|call (+385) | 2026-03-12|230.0|call (+92),delta_gamma_vega,-576.523442760551,233.13415054914782,3621.554346417077,339318.4502014228,4431.211939726776,,,56819.62739225751,56800.0,1900.0,-17.407291044456542,0.1803438786458571,81.96366314857733,472585.3619256007,1492.0,785.0,785.0,0.0,0.0,0.0,-3660.3738258461744,437272.64009016944,12604516.147493437,1769.6341061960063,12606285.781599633
2025-12-30,delta_gamma_vega,low,1,False,False,False,True,True,True,executed,232.52999877929688,2026-01-11|225.0|call,2026-01-11,12,8.056813528461987,0.9070741318234465,0.027485171515750875,7.011039194192937,-22.48178393490493,-1000.0,0.0,2026-01-08|230.0|call (+395) | 2026-03-16|230.0|call (+50),delta_gamma_vega,-242.79305370116708,287.8117947851496,73239.11634741694,315365.7747560787,73769.72119590326,,,59688.22708666532,59700.0,2900.0,-39.36240404445016,-3.617298677573473,-1945.775736227777,494417.6102598977,1477.0,922.0,922.0,0.0,0.0,0.0,-20488.855079677407,653848.1413802835,13260133.922979917,1862.733078631545,13261996.656058548
2025-12-31,delta_gamma_vega,low,1,False,False,False,True,True,True,executed,230.82000732421875,2026-01-11|225.0|call,2026-01-11,11,6.527681094865073,0.8507450510769481,0.038848721970342656,9.3117686448059,-29.796420117918455,-1000.0,0.0,2026-01-07|230.0|call (+444) | 2026-03-18|230.0|call (+91),delta_gamma_vega,524.0003953533155,-712.8543226987225,-199414.09682338915,918070.6829051032,200650.95154144117,,,53784.73050488318,53800.0,-5900.0,-9.369841085724147,-3.6574319946399783,-424.94175660185283,461994.26485756703,1445.0,980.0,980.0,0.0,0.0,0.0,38446.06791864917,-1323391.9752942414,11938604.680764306,1680.4059517028597,11940285.08671601
2026-01-02,delta_gamma_vega,low,1,False,False,False,True,True,True,executed,226.5,2026-01-11|225.0|call,2026-01-11,9,2.9933091875612945,0.6345576362453615,0.07348092029645537,13.374094719794074,-43.99224337708181,-1000.0,0.0,2026-01-09|225.0|call (+866) | 2026-03-19|225.0|call (+82),delta_gamma_vega,3061.37689525494,-3937.961878672204,-645584.7000467435,2484216.767305139,652584.0388206707,,,2508.4234699479002,2500.0,-51300.0,-18.203990026960128,-1.4050662291797948,-83.1947807680117,26868.833680350217,1535.0,1483.0,1483.0,0.0,0.0,0.0,235501.34507978236,-11383948.654920219,556336.4317957908,77.99748449563566,556414.4292802864
2026-01-05,delta_gamma_vega,low,1,False,False,False,True,True,True,executed,233.05999755859375,2026-01-11|225.0|call,2026-01-11,6,8.241182782684461,0.9703764226714584,0.015157380191568997,2.0119837299627754,-16.757632452680934,-1000.0,0.0,2026-01-13|235.0|call (+210) | 2026-03-23|235.0|put (-17),delta_gamma_vega,-2776.1410259516397,-669.333679007048,134330.44314391018,440688.47848518717,137775.91784886888,,,88427.01545748857,88400.0,85900.0,-41.00994230254173,-2.3987539239599514,-295.43629199395946,710380.1350100986,1948.0,1175.0,1175.0,0.0,0.0,0.0,-790806.435133003,19229047.3551502,19785461.784430485,2759.7579463432817,19788221.542376827
2026-01-06,delta_gamma_vega,low,1,False,False,False,True,True,True,executed,240.92999267578125,2026-01-11|225.0|call,2026-01-11,5,16.0384935665748,0.9999644574567274,3.564828170986747e-05,0.004208983044528572,-7.9386905833345045,-1000.0,0.0,2026-01-14|240.0|put (+0) | 2026-03-24|240.0|put (+0),delta_gamma_vega,7778.784742213178,724.855194457226,58869.70906136642,179350.16925560875,67373.34899803682,,,100014.25166945846,100000.0,11600.0,3.5542543272604235,-3.5648281709867473,-420.8983044528572,793869.0583334505,1227.0,227.0,227.0,0.0,0.0,0.0,-127161.08923331292,2667626.8258057497,22455848.368182577,3136.6899137972755,22458985.058096375
2026-01-07,delta_gamma_vega,medium,1,False,False,False,True,True,False,solver_returned_no_trade,241.55999755859375,2026-01-11|225.0|call,2026-01-11,4,16.646656230704792,0.999994939092464,5.976275951251517e-06,0.0005915475597781066,-7.909838884964341,-1000.0,0.0,2026-01-15|240.0|put (+0) | 2026-03-25|240.0|put (+0),delta_gamma_vega,0.5060907536098966,-0.5976275951251516,-59.15475597781066,790983.8884964341,60.25847432654571,,,100002.25547291248,100000.0,0.0,0.5060907536098966,-0.5976275951251516,-59.15475597781066,790983.8884964341,1000.0,0.0,0.0,0.0,0.0,0.0,0.0,0.0,22458985.058096375,3132.672017271828,22462117.730113648
2026-01-08,delta_gamma_vega,medium,1,False,False,False,True,True,False,solver_returned_no_trade,246.2899932861328,2026-01-11|225.0|call,2026-01-11,3,21.35483941877129,0.99999999992806,1.3532758885131946e-10,1.0538876362321726e-08,-7.888475877005549,-1000.0,0.0,2026-01-16|245.0|put (+0) | 2026-03-24|245.0|put (+0),delta_gamma_vega,7.194001227617264e-06,-1.3532758885131946e-05,-0.0010538876362321725,788847.5877005549,0.0010746143963449217,,,100000.00005705767,100000.0,0.0,7.194001227617264e-06,-1.3532758885131946e-05,-0.0010538876362321725,788847.5877005549,1000.0,0.0,0.0,0.0,0.0,0.0,0.0,0.0,22462117.730113648,3125.978023572188,22465243.70813722
2026-01-09,delta_gamma_vega,low,1,False,False,False,True,True,False,solver_returned_no_trade,247.3800048828125,2026-01-11|225.0|call,2026-01-11,2,22.423311673593673,1.0,3.0068217311079903e-18,1.4769715239461546e-16,-7.90272865818411,-1000.0,0.0,2026-01-19|245.0|call (+0) | 2026-03-25|245.0|call (+0),delta_gamma_vega,0.0,-3.0068217311079903e-13,-1.4769715239461548e-11,790272.865818411,1.5070397412572347e-11,,,100000.0,100000.0,0.0,0.0,-3.0068217311079903e-13,-1.4769715239461548e-11,790272.865818411,1000.0,0.0,0.0,0.0,0.0,0.0,0.0,0.0,22465243.70813722,3131.7619604674746,22468375.47009769
2026-01-12,delta_gamma_vega,medium,2,True,True,True,True,True,True,executed,246.47000122070312,2026-02-11|245.0|call,2026-02-11,30,5.429561123376942,0.5895303794865926,0.03633098687727738,27.476676714295134,-30.260080116517422,-1000.0,-1000.0,2026-01-19|245.0|call (+332) | 2026-03-30|245.0|call (+527),delta_gamma_vega,-58953.03794865926,-3633.098687727738,-2747667.6714295135,3026008.0116517423,2810253.8080659006,,,6985.095246568479,7000.0,7000.0,16.699598250921554,-0.2852896498852715,375.6514873248525,78868.99024411687,1000.0,859.0,859.0,-542956.1123376942,0.0,-24647000.122070312,554252.7126781072,-22910413.513184976,-442038.043087285,-61.973031859321246,-442100.01611914433
2026-01-13,delta_gamma_vega,medium,2,False,False,False,True,True,True,executed,242.60000610351562,2026-02-11|245.0|call,2026-02-11,29,3.584449953693877,0.44718501359089824,0.03609511747516977,27.04115347161145,-30.997938432608787,-1000.0,0.0,2026-01-22|245.0|call (+409) | 2026-03-30|240.0|call (+499),delta_gamma_vega,-398.74947094583695,-4.422264679150885,-3799.6272280300036,88789.91156616039,4202.798963654992,,,-698.4974625101131,-700.0,-7700.0,-30.028389706465532,-3.876211506911204,-1341.400819726754,18568.825330587802,1859.0,1767.0,1767.0,0.0,0.0,0.0,137356.42888734688,-1730663.6181097236,-2172763.634228868,-306.9459687908031,-2173070.580197659
2026-01-14,delta_gamma_vega,medium,2,False,False,False,True,True,True,executed,236.64999389648438,2026-02-11|245.0|call,2026-02-11,28,1.6585314371335471,0.2550750924743519,0.02897409873548472,21.050361952833427,-25.292455963490738,-1000.0,0.0,2026-01-21|235.0|put (+284) | 2026-03-27|235.0|call (+429),delta_gamma_vega,1358.3535470373026,-699.6864315661871,256036.7480124419,553464.4066830026,258094.7879910454,,,10605.044591817626,10600.0,11300.0,-23.305945768883248,0.3806282604864464,-787.6266153904144,150442.49543480726,1908.0,1621.0,1621.0,0.0,0.0,0.0,82288.45129232091,2756433.3823225945,583362.8021249357,82.41156913430491,583445.21369407
2026-01-15,delta_gamma_vega,medium,2,False,False,False,True,True,True,executed,238.17999267578125,2026-02-11|245.0|call,2026-02-11,27,1.7950802088770814,0.284983313837035,0.03284589590014979,21.992219008480813,-26.073645046766273,-1000.0,0.0,2026-01-22|240.0|call (+319) | 2026-04-02|240.0|call (+412),delta_gamma_vega,2164.687536120786,-483.3849490549078,-222929.74491433776,458448.36274109595,225577.81739951344,,,-4820.843275418874,-4800.0,-15400.0,-20.49324562237598,-6.293670743507278,-1963.3835668605752,13812.092035020469,1713.0,1444.0,1444.0,0.0,0.0,0.0,-88753.96797683241,-3756725.8551838635,-3173280.6414897935,-448.91847890824164,-3173729.5599687016
2026-01-16,delta_gamma_vega,medium,2,False,False,False,True,True,True,executed,239.1199951171875,2026-02-11|245.0|call,2026-02-11,26,2.0001458638733993,0.3121226726046157,0.03476017621956814,22.582013194719327,-27.86614731405701,-1000.0,0.0,2026-01-23|240.0|call (+333) | 2026-04-03|240.0|call (+417),delta_gamma_vega,153.34510808074265,77.25779349925688,-85476.12991953106,-39973.29711865785,85706.73282111106,,,-6110.7268612978605,-6100.0,-1300.0,-17.483531138124818,-2.1656687818431237,-1896.5275654701982,3235.893521280377,1731.0,1481.0,1481.0,0.0,0.0,0.0,13858.689231495606,-296997.30442084814,-3470726.86438955,-489.8958406832658,-3471216.7602302334
2026-01-20,delta_gamma_vega,medium,2,False,False,False,True,True,True,executed,231.0,2026-02-11|245.0|call,2026-02-11,22,0.763617658599518,0.13390769706582673,0.018683211382439585,12.244790927258224,-21.776079701051085,-1000.0,0.0,2026-02-02|230.0|call (+351) | 2026-04-05|230.0|put (+151),delta_gamma_vega,-2803.2491129388363,-755.7831703503791,454385.71246112767,813486.0418685422,457944.7447444169,,,-28.865952190380995,0.0,6100.0,-17.696770117093365,-3.406867959828844,-1092.93428414769,81574.57374883894,1750.0,1252.0,1252.0,0.0,0.0,0.0,25735.442293655768,1434835.4422936558,-2036381.3179365776,-288.6489730970914,-2036669.9669096747
2026-01-21,delta_gamma_vega,medium,2,False,False,False,True,True,True,executed,231.30999755859375,2026-02-11|245.0|call,2026-02-11,21,0.40002442028820795,0.09194898396983792,0.017362859621278336,9.154208096044774,-14.374149408980065,-1000.0,0.0,2026-01-31|230.0|call (+240) | 2026-04-08|230.0|put (+135),delta_gamma_vega,5375.987878065522,526.099108465789,269313.280653603,-392132.5425559906,275215.36764013435,,,397.1081610959827,400.0,400.0,-29.614992539974082,-2.8583046951404185,-473.06460248469375,56628.30776921971,1502.0,877.0,877.0,0.0,0.0,0.0,-54589.707764184815,37934.291259252685,-1998735.675650422,-284.58189374661004,-1999020.2575441685
2026-01-22,delta_gamma_vega,medium,2,False,False,False,True,True,True,executed,234.33999633789062,2026-02-11|245.0|call,2026-02-11,20,0.5480925482541608,0.12871839602944918,0.024268532783345172,11.524872764920516,-17.659693107521417,-1000.0,0.0,2026-02-04|235.0|call (+371) | 2026-04-09|235.0|put (+116),delta_gamma_vega,1864.1077255602013,-933.7581350701283,-366913.74087844533,649234.7777200801,369711.6067390757,,,207.21032103378002,200.0,-200.0,-9.872713744026441,-3.9512439037632703,-2856.0781483890605,53037.456129024096,1375.0,862.0,862.0,0.0,0.0,0.0,-13164.576328194802,-60032.57559577293,-2059052.8331399413,-293.1699082164044,-2059346.0030481578
2026-01-23,delta_gamma_vega,medium,2,False,False,False,True,True,True,executed,239.16000366210938,2026-02-11|245.0|call,2026-02-11,19,1.4892445889325217,0.27878075630459603,0.038164115906158994,18.329157847742792,-30.73377165321913,-1000.0,0.0,2026-01-31|240.0|call (+456) | 2026-04-10|240.0|call (+273),delta_gamma_vega,-4162.1631561309,-1861.6499349382377,-844846.9878699086,1435147.1393691325,850870.8009609777,,,-7710.024167212752,-7700.0,-7900.0,-14.146041519241408,-3.369541883960096,-892.9943356183358,-9685.440528888139,1487.0,1216.0,1216.0,0.0,0.0,0.0,40218.987383533386,-1849145.0415471308,-3908491.0445952886,-555.5640868584928,-3909046.608682147
2026-01-26,delta_gamma_vega,medium,2,False,False,False,True,True,True,executed,238.4199981689453,2026-02-11|245.0|call,2026-02-11,16,1.059537151271293,0.229530736383592,0.03754976730630737,15.14014700841024,-29.86219364536475,-1000.0,0.0,2026-02-07|240.0|call (+621) | 2026-04-13|240.0|put (+104),delta_gamma_vega,604.8011995313482,745.9678882687144,136571.45750370505,-555465.4589875089,137922.2265915051,,,1157.497605092929,1100.0,8800.0,-37.559405020138,-5.241723850068382,-4983.426069608075,56171.88493233919,1729.0,1454.0,1454.0,0.0,0.0,0.0,-37591.50565949583,2060504.4782272228,-1848542.1304549244,-262.2435795445124,-1848804.374034469
2026-01-27,delta_gamma_vega,medium,2,False,False,False,True,True,True,executed,244.67999267578125,2026-02-11|245.0|call,2026-02-11,15,3.2341300467926857,0.5085084634909847,0.04949403443086724,19.783764531868826,-43.43221360223605,-1000.0,0.0,2026-02-04|245.0|call (+654) | 2026-04-14|245.0|call (+232),delta_gamma_vega,-5632.818737839983,-2010.5219459583332,-745679.5156235849,1628802.6527219736,753322.8563073832,,,5679.28731576485,5700.0,4600.0,-3.7651552046172583,-3.579175985097322,-596.8622418714222,67848.61828594777,1725.0,1611.0,1611.0,0.0,0.0,0.0,-73762.23447558837,1051765.7318330053,-797038.6422014637,-112.91380553377603,-797151.5560069975
2026-01-28,delta_gamma_vega,medium,2,False,False,False,True,True,True,executed,243.00999450683594,2026-02-11|245.0|call,2026-02-11,14,2.342813752996321,0.4219582758292515,0.05052886158687494,18.622339876817385,-43.0875452278512,-1000.0,0.0,2026-02-05|245.0|call (+704) | 2026-04-14|245.0|call (+202),delta_gamma_vega,-183.1411087129327,-5.200451250027697,-2598.4668919418473,72301.37597980787,2786.8084519048075,,,4802.522276979245,4800.0,-900.0,-35.537791631477376,-4.476629941016313,-1638.1682243688265,59568.5266804212,1886.0,1388.0,1388.0,0.0,0.0,0.0,-4012.902122570493,-222721.89717872284,-1019873.4531857204,-144.9677272547039,-1020018.4209129751
2026-01-29,delta_gamma_vega,medium,2,False,False,False,True,True,True,executed,241.72999572753906,2026-02-11|245.0|call,2026-02-11,13,1.8233717684944963,0.3566711292695868,0.04861220944428223,17.012155288438933,-43.18018051648535,-1000.0,0.0,2026-02-06|240.0|call (+711) | 2026-04-11|240.0|put (+177),delta_gamma_vega,-298.5758574357078,-99.02230972891442,-5423.480559482356,140632.86180953676,5821.078726646978,,,-1960.9324058536404,-1900.0,-6700.0,12.844618474671734,-6.110473116685,-2091.1644573084777,20692.688893401733,1906.0,1794.0,1794.0,0.0,0.0,0.0,136627.03466571213,-1482963.9367087996,-2502982.3576217745,-355.58240671918867,-2503337.9400284938
2026-01-30,delta_gamma_vega,medium,2,False,False,False,True,True,True,executed,239.3000030517578,2026-02-11|245.0|call,2026-02-11,12,1.076457300026263,0.24430926118156454,0.04153940790323772,13.619473349784112,-38.12168337034295,-1000.0,0.0,2026-02-07|240.0|call (+601) | 2026-04-17|240.0|put (+117),delta_gamma_vega,-1305.4875561958834,1168.9571807685766,317123.72523321596,-942299.0869585453,319598.16997018043,,,1492.816024554496,1500.0,3400.0,24.91256079165487,-4.266235547728712,-4056.6874993548845,73014.81127121378,1888.0,1606.0,1606.0,0.0,0.0,0.0,-50884.511218087166,762735.4991578894,-1740602.4408706045,-246.72349068527376,-1740849.1643612897
2026-02-02,delta_gamma_vega,medium,2,False,False,False,True,True,True,executed,242.9600067138672,2026-02-11|245.0|call,2026-02-11,9,1.6707012855683416,0.3893244159101076,0.06200588710674689,14.630653277021809,-51.41918743294182,-1000.0,0.0,2026-02-10|245.0|call (+934) | 2026-04-18|240.0|call (+43),delta_gamma_vega,3321.407773764735,-1826.5862863351845,-434598.28696632106,1408819.999626268,439746.281026421,,,683.7049763211367,700.0,-800.0,-32.39985231956871,-4.806693750501452,-2580.820180443552,14058.939862126805,1718.0,1695.0,1695.0,0.0,0.0,0.0,-100699.36167159991,-295067.36704269366,-2035916.5314039835,-289.0678368713789,-2036205.5992408548
2026-02-03,delta_gamma_vega,medium,2,False,False,False,True,True,True,executed,238.6199951171875,2026-02-11|245.0|call,2026-02-11,8,0.5727665053014732,0.17093235005255852,0.040065941377599515,8.970961023603827,-38.16051047430806,-1000.0,0.0,2026-02-11|240.0|call (+642) | 2026-04-21|240.0|put (+1),delta_gamma_vega,170.92791369024098,-190.86194224866867,16797.69092621014,182539.66002408444,17159.48078214905,,,-10469.428940438662,-10500.0,-11200.0,-11.135561486014126,-0.7656749789567097,-1754.717662234556,-41813.53815272414,1977.0,1620.0,1620.0,0.0,0.0,0.0,49068.75628688867,-2623475.189025611,-4659680.788266466,-663.819588489405,-4660344.607854956
2026-02-04,delta_gamma_vega,medium,2,False,False,False,True,True,True,executed,232.99000549316406,2026-02-11|245.0|call,2026-02-11,7,0.06580558212920273,0.028608020542773952,0.010842646031889442,2.110477423203711,-10.52478709213441,-1000.0,0.0,2026-02-12|235.0|call (+182) | 2026-04-22|235.0|call (-7),delta_gamma_vega,-4879.436763486132,1218.9246544619277,238302.1759964128,-1176418.7445756735,244400.53741436088,,,-3929.378147853762,-3900.0,6600.0,33.0782535105584,-0.23475550726830718,469.79200224137094,-7741.359356699773,1643.0,832.0,832.0,0.0,0.0,0.0,-445.77176642045015,1537288.2644884624,-3123056.3433664935,-445.53125570452,-3123501.874622198
2026-02-05,delta_gamma_vega,medium,2,False,False,False,True,True,True,executed,222.69000244140625,2026-02-11|245.0|call,2026-02-11,6,0.0007028904725649987,0.00042923913543118486,0.00024440997626695195,0.04405149512597614,-0.29964210534545926,-1000.0,0.0,2026-02-16|220.0|put (+6) | 2026-04-23|225.0|put (-1),delta_gamma_vega,-3438.0784425526876,201.45207924057598,18731.46432364424,-241045.1623252202,22370.994845437504,,,203.20459538633392,200.0,4100.0,-7.098039431427964,0.49459800010127175,154.32887576984194,2391.0840583475438,1189.0,196.0,196.0,0.0,0.0,0.0,1753.9348361354744,914782.9448459011,-2208718.929776297,-313.6030350158843,-2209032.532811313
2026-02-06,delta_gamma_vega,medium,2,False,False,False,True,True,True,executed,210.32000732421875,2026-02-11|245.0|call,2026-02-11,5,2.6583212737215253e-10,3.340301557685995e-10,4.086256442648676e-10,5.203124221981574e-08,-4.0159011720480424e-07,-1000.0,0.0,2026-02-14|210.0|call (+0) | 2026-04-23|210.0|call (+0),delta_gamma_vega,-268.45284831749774,13.082258196461222,412.3879227039324,-8310.046407820775,693.9230292178913,,,-0.00028137310134917647,0.0,-200.0,-3.340301557685995e-05,-4.086256442648676e-05,-0.005203124221981574,0.04015901172048043,1007.0,7.0,7.0,0.0,0.0,0.0,-4238.7153252991375,-46302.71679014289,-2255335.249601456,-321.2957679560417,-2255656.545369412
2026-02-09,delta_gamma_vega,medium,2,False,False,False,True,True,False,already_within_tolerance,208.72000122070312,2026-02-11|245.0|call,2026-02-11,2,1.4486313595389313e-34,6.426857331615716e-34,2.8294708956839422e-33,1.2079862641454173e-31,-1.97626721175861e-30,-1000.0,0.0,2026-02-19|210.0|call (+0) | 2026-04-25|210.0|call (+0),delta_gamma_vega,-6.426857331615715e-29,-2.8294708956839424e-28,-1.2079862641454173e-26,1.9762672117586099e-25,1.2427078304338724e-26,,,-1.2796679077331788e-27,0.0,0.0,-6.426857331615715e-29,-2.8294708956839424e-28,-1.2079862641454173e-26,1.9762672117586099e-25,1000.0,0.0,0.0,0.0,0.0,0.0,0.0,0.0,-2255656.545369412,-321.61007227116266,-2255978.155441683
2026-02-10,delta_gamma_vega,medium,2,False,False,False,True,True,False,already_within_tolerance,206.9600067138672,2026-02-11|245.0|call,2026-02-11,1,2.7094443352648896e-70,2.411710493380372e-69,2.138707494730944e-68,4.6029211570010633e-67,-1.5424216184486576e-65,-1000.0,0.0,2026-02-20|205.0|call (+0) | 2026-04-26|205.0|call (+0),delta_gamma_vega,-2.411710493380372e-64,-2.1387074947309438e-63,-4.602921157001063e-62,1.5424216184486577e-60,4.8409090114079615e-62,,,-1.7717232933601998e-62,0.0,0.0,-2.411710493380372e-64,-2.1387074947309438e-63,-4.602921157001063e-62,1.5424216184486577e-60,1000.0,0.0,0.0,0.0,0.0,0.0,0.0,0.0,-2255978.155441683,-321.3873565239478,-2256299.5427982067
2026-02-11,delta_gamma_vega,medium,3,True,True,True,True,True,True,executed,204.0800018310547,2026-03-13|205.0|call,2026-03-13,30,3.9727744182241764,0.49798987069762257,0.03857976513599096,23.340985965293413,-28.610879567412603,-1000.0,-1000.0,2026-02-19|205.0|call (+353) | 2026-04-29|205.0|call (+513),delta_gamma_vega,-49798.987069762254,-3857.9765135990956,-2334098.5965293413,2861087.9567412604,2387755.5601127027,,,6726.1948734877515,6700.0,6700.0,-19.60879680060316,1.071090784838816,186.23117164894938,65510.61975047598,1000.0,866.0,866.0,-397277.44182241766,0.0,0.0,421407.06257334515,1391465.6330189938,-864833.9097792129,-123.54769812413404,-864957.457477337
2026-02-12,delta_gamma_vega,medium,3,False,False,False,True,True,True,executed,199.60000610351562,2026-03-13|205.0|call,2026-03-13,29,2.7391965999403283,0.354379586343912,0.03152268974987431,20.932780070167098,-30.082077699391274,-1000.0,0.0,2026-02-20|200.0|call (+335) | 2026-04-30|200.0|call (+467),delta_gamma_vega,448.72067704749134,-455.97516597282083,11775.211105861235,453921.2925148299,12679.906948881548,,,-6312.475574762113,-6300.0,-13000.0,7.411137339313427,-0.7994468722500869,-66.70612612529658,19438.290254296968,1866.0,1668.0,1668.0,0.0,0.0,0.0,134458.9887640141,-2460341.090581689,-3325298.548059026,-474.77874368339167,-3325773.326802709
2026-02-13,delta_gamma_vega,medium,3,False,False,False,True,True,True,executed,198.7899932861328,2026-03-13|205.0|call,2026-03-13,28,2.341668626815064,0.32349329090877577,0.03140682029390832,19.778663693484905,-29.00703809331148,-1000.0,0.0,2026-02-21|200.0|call (+340) | 2026-05-01|200.0|call (+435),delta_gamma_vega,270.02530404997015,183.12045939699044,71055.70007876493,-135389.4439308591,71508.84584221189,,,-5399.065564397126,-5400.0,900.0,-49.97744746740136,-4.396044311214041,-2447.937375465408,26781.450454666978,1802.0,1577.0,1577.0,0.0,0.0,0.0,-15597.828885128241,163313.16507239128,-3162460.161730318,-450.9015538099981,-3162911.063284128
2026-02-17,delta_gamma_vega,medium,3,False,False,False,True,True,True,executed,201.14999389648438,2026-03-13|205.0|call,2026-03-13,24,2.7518071122360652,0.38519784435025356,0.03641176466673529,19.71934660047049,-33.20872892529534,-1000.0,0.0,2026-02-25|200.0|call (+432) | 2026-05-05|200.0|call (+406),delta_gamma_vega,2089.918806738333,351.86076589787217,-164866.43586793612,-277950.5760946997,167308.21544057233,,,-10458.030729046015,-10400.0,-5000.0,3.987844748022326,-3.719421773652016,-2352.2067424771376,-22582.242874601623,1775.0,1613.0,1613.0,0.0,0.0,0.0,37908.40049540007,-967841.5689870218,-4130752.6322711497,-588.9600769790293,-4131341.5923481286
2026-02-18,delta_gamma_vega,medium,3,False,False,False,True,True,True,executed,204.7899932861328,2026-03-13|205.0|call,2026-03-13,23,4.139377241346864,0.5199048836454073,0.03960510921639523,20.483080056224075,-35.49396102573282,-1000.0,0.0,2026-02-26|205.0|call (+459) | 2026-05-06|205.0|call (+401),delta_gamma_vega,-565.8736651934305,-1108.4647209812133,-322033.36744712945,804283.2905942105,323707.7058333041,,,7014.996167822024,7000.0,17400.0,0.44669768362291506,0.23034676477220728,1220.7785097865853,70286.43269985751,1838.0,1698.0,1698.0,0.0,0.0,0.0,-247068.13578813896,3316277.747390572,-815063.8449575566,-116.53472114096232,-815180.3796786976
2026-02-19,delta_gamma_vega,medium,3,False,False,False,True,True,True,executed,204.86000061035156,2026-03-13|205.0|call,2026-03-13,22,4.1968035570044435,0.5218201252655409,0.039272277520830734,20.034656056213965,-37.20984521573615,-1000.0,0.0,2026-02-27|205.0|call (+478) | 2026-05-07|205.0|call (+382),delta_gamma_vega,-17.50772882293677,129.14702476277182,793.6379247666337,-34883.82633931027,940.2926783523423,,,6974.336236505707,7000.0,0.0,-2.4307507063858793,-1.6561986704792844,-1621.2446888936684,72235.25716516061,1860.0,1720.0,1720.0,0.0,0.0,0.0,-1137.8812570224545,-1137.8812570224545,-816318.26093572,-116.45492743726058,-816434.7158631573
2026-02-20,delta_gamma_vega,medium,3,False,False,False,True,True,True,executed,210.11000061035156,2026-03-13|205.0|call,2026-03-13,21,7.1912272652537865,0.7269953578688919,0.03443298735953107,16.75585342022458,-33.13138171628339,-1000.0,0.0,2026-02-28|210.0|call (+412) | 2026-05-08|210.0|call (+305),delta_gamma_vega,-662.9837064101957,-547.976773402476,15197.72373072314,507991.60623705667,16408.684210535812,,,34157.904953852456,34200.0,27200.0,-3.7294802135584177,-4.5276936972833255,-1776.8681145310402,303242.13374783564,1860.0,1577.0,1577.0,0.0,0.0,0.0,-344074.6274074636,5370917.389194099,4554482.673330942,649.7367198781561,4555132.410050821
2026-02-23,delta_gamma_vega,medium,3,False,False,False,True,True,True,executed,205.27000427246094,2026-03-13|205.0|call,2026-03-13,18,4.1209101207988255,0.5357250352772555,0.0416871532233102,18.112541056998904,-42.196481261315334,-1000.0,0.0,2026-03-03|205.0|call (+568) | 2026-05-11|205.0|call (+302),delta_gamma_vega,2090.159518929864,-1372.4273449969414,-430457.099988451,1473617.171392785,433919.6868523778,,,6497.984591177763,6500.0,-27700.0,0.2090092049438681,0.02494352189592064,-168.87658280483447,66320.92048189044,1717.0,1587.0,1587.0,0.0,0.0,0.0,207346.1803212784,-5478632.93802589,-923500.5279750694,-131.48888686425042,-923632.0168619336
2026-02-24,delta_gamma_vega,medium,3,False,False,False,True,True,True,executed,208.55999755859375,2026-03-13|205.0|call,2026-03-13,17,5.769520931616398,0.6804633426793296,0.040637182445060836,16.086302502421884,-38.62806846327109,-1000.0,0.0,2026-03-04|210.0|call (+541) | 2026-05-12|210.0|call (+250),delta_gamma_vega,-2.9583785040158546,-251.34315653792783,1380.0520910520572,270494.88467123,1634.353626094001,,,32192.397039494273,32200.0,25700.0,-15.13203328137206,-2.261584136798092,-1142.1876496670302,268061.93284046673,1870.0,1661.0,1661.0,0.0,0.0,0.0,-279227.38585533935,5080764.55140052,4157132.534538586,591.8964991954992,4157724.4310377818
2026-02-25,delta_gamma_vega,medium,3,False,False,False,True,True,True,executed,210.63999938964844,2026-03-13|205.0|call,2026-03-13,16,6.962888750588377,0.7829588098438102,0.03708354092796866,12.956786724310152,-32.21654824556854,-1000.0,0.0,2026-03-05|210.0|call (+459) | 2026-05-11|210.0|call (+195),delta_gamma_vega,-1348.3158942366572,970.4363693108705,270640.35807361256,-389137.34109524335,272959.11033716006,,,41411.836583165954,41400.0,9200.0,-1.1931165271271311,0.5646764595900322,634.0684091501171,345754.3762741369,1791.0,1445.0,1445.0,0.0,0.0,0.0,-58888.553059729005,1878999.4413250366,6036723.872362819,859.5145083720652,6037583.386871191
2026-02-26,delta_gamma_vega,medium,3,False,False,False,True,True,True,executed,207.9199981689453,2026-03-13|205.0|call,2026-03-13,15,4.974134218402895,0.6676407822067733,0.04636611801237389,15.307915571842708,-39.413076021780654,-1000.0,0.0,2026-03-06|210.0|call (+626) | 2026-05-14|210.0|call (+210),delta_gamma_vega,1149.331982175605,-957.5890027154466,-306535.8436826059,1022748.0341888929,308642.76466749696,,,32697.078437502372,32700.0,-8700.0,-20.731872458038197,-4.027858518163555,-798.3049654918723,259309.43522256106,1654.0,1490.0,1490.0,0.0,0.0,0.0,44865.645200437066,-1764038.338869387,4273545.048001803,608.4714240045961,4274153.519425808
2026-02-27,delta_gamma_vega,medium,3,False,False,False,True,True,True,executed,210.0,2026-03-13|205.0|call,2026-03-13,14,6.523782659011346,0.7499520872219412,0.038912516992032915,13.070822468986217,-39.23745733733806,-1000.0,0.0,2026-03-07|210.0|call (+543) | 2026-05-13|210.0|call (+168),delta_gamma_vega,1535.8853573201195,912.1441369623226,215005.21113982506,-492056.0677475094,217453.2406341075,,,37691.666083257755,37700.0,5000.0,-2.6519448502240266,0.5517242858258555,-1235.0973967986647,328706.2723634471,1836.0,1547.0,1547.0,0.0,0.0,0.0,-46920.17300251886,1003079.8269974812,5277233.34642329,749.2833839627536,5277982.629807252
2026-03-02,delta_gamma_vega,medium,3,False,False,False,True,True,True,executed,208.38999938964844,2026-03-13|205.0|call,2026-03-13,11,5.193945458825937,0.6880141739954585,0.045802378751376806,12.798261814195877,-50.29539043378964,-1000.0,0.0,2026-03-10|210.0|call (+735) | 2026-05-18|210.0|call (+103),delta_gamma_vega,-1215.2748884875145,-216.64904678724037,-151721.2728386115,538592.5513144783,153153.19677388627,,,32612.78085391994,32600.0,-5100.0,-38.05862545563377,-3.022354172633271,-968.9589280073997,269023.47374665213,1711.0,1549.0,1549.0,0.0,0.0,0.0,19864.43169347245,-1042924.5651937346,4235058.064613517,603.3277019231977,4235661.392315441
2026-03-03,delta_gamma_vega,medium,3,False,False,False,True,True,True,executed,208.72999572753906,2026-03-13|205.0|call,2026-03-13,10,5.546227410731632,0.6946170391563997,0.043226004457351475,12.108604472043421,-56.87250280104792,-1000.0,0.0,2026-03-11|210.0|call (+766) | 2026-05-19|210.0|call (+72),delta_gamma_vega,927.1448104139345,155.9722795029482,17697.31057670497,90222.19516972243,18780.427666621854,,,31476.375221991915,31500.0,-1100.0,10.915917105065546,-1.4090379426670694,-423.7193071412621,270880.89066924166,1838.0,1676.0,1676.0,0.0,0.0,0.0,-6432.579677633228,-236035.5749779262,3999625.817337515,570.5815447523246,4000196.398882267
2026-03-04,delta_gamma_vega,medium,3,False,False,False,True,True,True,executed,216.82000732421875,2026-03-13|205.0|call,2026-03-13,9,12.129202755402446,0.9573407172324013,0.012529519717131392,3.091060765239853,-20.366021889250845,-1000.0,0.0,2026-03-12|215.0|call (+218) | 2026-05-18|215.0|call (+11),delta_gamma_vega,7345.409150330349,1409.9694979833412,431346.67163913645,-1290822.6763208264,440102.05028745014,,,81488.86199008163,81500.0,50000.0,-18.34753208229654,-2.058506869922141,-1057.9494312018069,635359.5116367589,1838.0,1067.0,1067.0,0.0,0.0,0.0,-566689.2585249634,10274311.107685974,14274507.506568242,2036.3831307345147,14276543.889698977
2026-03-05,delta_gamma_vega,medium,3,False,False,False,True,True,True,executed,218.94000244140625,2026-03-13|205.0|call,2026-03-13,8,14.189107291342964,0.9709745580212278,0.008527851274443481,2.145826314858968,-18.84243009241842,-1000.0,0.0,2026-03-13|220.0|call (+163) | 2026-05-16|220.0|call (+1),delta_gamma_vega,848.4246248531786,184.40730616404846,48079.38845935838,374409.0567375944,49112.22039037561,,,89510.77145929376,89500.0,8000.0,-35.316297278903676,-2.277755164558009,-962.2890003511211,698593.5815020378,1229.0,393.0,393.0,0.0,0.0,0.0,-86068.96431512618,1665451.0552161238,15941994.944915101,2269.8364605147062,15944264.781375615
2026-03-06,delta_gamma_vega,high,3,False,False,False,True,True,True,executed,213.2100067138672,2026-03-13|205.0|call,2026-03-13,7,9.090766410907179,0.8410807046152412,0.02782563192901145,7.152310951423881,-61.05584325160609,-1000.0,0.0,2026-03-14|215.0|call (+660) | 2026-05-22|215.0|put (-27),delta_gamma_vega,9218.050687816489,-2208.5870527087063,-564675.1665444552,4948272.541179095,576101.8042849804,,,53843.707204651655,53800.0,-35700.0,-49.91674365642166,0.6008449731762155,881.3173647190997,477628.78504075634,1164.0,851.0,851.0,0.0,0.0,0.0,142592.790533375,-7469004.449151684,8475260.332223931,1200.6618579466178,8476460.994081877
2026-03-09,delta_gamma_vega,high,3,False,False,False,True,True,True,executed,213.49000549316406,2026-03-13|205.0|call,2026-03-13,4,8.71999153927274,0.9396888175981308,0.02104107372025574,2.6731014957181745,-37.91489060297987,-1000.0,0.0,2026-03-17|215.0|call (+450) | 2026-05-24|215.0|put (-76),delta_gamma_vega,-11307.325086261511,1944.060957478292,273243.5670349856,-2284750.7123544724,286494.9530787254,,,70519.66978489011,70500.0,16700.0,-17.568350939543052,-1.0541011230731954,-916.5988174541853,561265.2743911374,1687.0,1213.0,1213.0,0.0,0.0,0.0,-57831.93774486483,3507451.153990975,11983912.148072852,1708.6585543996352,11985620.806627251
2026-03-10,delta_gamma_vega,medium,3,False,False,False,True,True,True,executed,214.3300018310547,2026-03-13|205.0|call,2026-03-13,3,9.432064210270141,0.9771740800936375,0.011205292846284154,1.0520475808981078,-23.104771000981284,-1000.0,0.0,2026-03-18|215.0|call (+235) | 2026-05-26|215.0|put (-49),delta_gamma_vega,-2175.035530553006,1205.958524484157,133610.35258288076,-1120734.0051208977,136991.34663791792,,,84090.11984206665,84100.0,13600.0,-33.116848563182884,-2.57960217423863,424.5474234643334,648545.7566895991,1526.0,810.0,810.0,0.0,0.0,0.0,-27751.39059190305,2887136.6343104406,14872757.440937692,2121.7287073684133,14874879.16964506
2026-03-11,delta_gamma_vega,medium,3,False,False,False,True,True,True,executed,212.64999389648438,2026-03-13|205.0|call,2026-03-13,2,7.716816030602985,0.981027327849691,0.012214407155967253,0.7287669663402938,-23.245249561535555,-1000.0,0.0,2026-03-21|210.0|call (+309) | 2026-05-27|215.0|put (-86),delta_gamma_vega,-2559.8835019432636,-33.576836171524945,1986.3288823289913,692523.3086157801,4579.789220443779,,,74118.02527903249,74100.0,-10000.0,-9.12104368526525,-0.6729026662837612,-1070.7505979401758,550902.9101152143,1284.0,679.0,679.0,0.0,0.0,0.0,72703.75045155588,-2053796.1885132878,12821082.981131772,1831.5832344984376,12822914.56436627
2026-03-12,delta_gamma_vega,high,3,False,False,False,True,True,True,executed,209.52999877929688,2026-03-13|205.0|call,2026-03-13,1,4.625532199532529,0.9410060883753666,0.0397664447647147,1.2892551723456105,-70.36091095374319,-1000.0,0.0,2026-03-20|210.0|call (+917) | 2026-05-28|210.0|put (-263),delta_gamma_vega,-107.50351296292229,-2718.6727729972226,-50339.31440396153,4881979.5733598,53165.49068992167,,,36747.81230313272,36800.0,-37300.0,-4.141252476692898,-1.8216658536925365,1625.3896519634873,272994.8916749476,1395.0,1575.0,1575.0,0.0,0.0,0.0,33215.0223249305,-7782253.932142843,5040660.632223427,721.0945109249376,5041381.726734352
2026-03-13,delta_gamma_vega,high,4,True,True,True,True,True,True,executed,207.6699981689453,2026-04-12|210.0|call,2026-04-12,30,5.685904389715205,0.47381460154656924,0.024508955164717086,23.700699021594794,-42.673940175262715,-1000.0,-1000.0,2026-03-22|210.0|call (+380) | 2026-05-27|205.0|call (+516),delta_gamma_vega,-47381.460154656925,-2450.8955164717086,-2370069.9021594794,4267394.017526272,2419902.257830608,,,1339.7993733438852,1300.0,1300.0,-13.214100526955008,0.32801977542237637,1785.6318599104416,36668.17530565127,1000.0,896.0,896.0,-568590.4389715205,356315.40988964983,-7642255.9326171875,742437.6698565559,-6842122.294222874,-1800740.5674885213,-257.46302105992777,-1800998.0305095813
2026-03-16,delta_gamma_vega,medium,4,False,False,False,True,True,True,executed,211.74000549316406,2026-04-12|210.0|call,2026-04-12,27,6.605667178171373,0.5802543823897355,0.02883025365480112,22.508167888159747,-40.00519173563672,-1000.0,0.0,2026-03-24|210.0|call (+400) | 2026-06-01|210.0|call (+465),delta_gamma_vega,1174.3990087696875,235.95149001456878,-88513.24065965437,-265010.8805180406,89923.59115843863,,,6691.440355504794,6700.0,5400.0,-1.882610451673827,0.20960944321984698,-1099.630426001735,73302.41809288762,1896.0,1761.0,1761.0,0.0,0.0,0.0,-165685.89516249127,977710.1345005947,-823287.8960089866,-117.77590796886379,-823405.6719169555
2026-03-17,delta_gamma_vega,medium,4,False,False,False,True,True,True,executed,215.1999969482422,2026-04-12|210.0|call,2026-04-12,26,8.461464172175653,0.6844359339171234,0.0275115345501519,20.41891864610497,-37.25074089032125,-1000.0,0.0,2026-03-25|215.0|call (+360) | 2026-06-02|215.0|call (+405),delta_gamma_vega,-95.86693287455273,-273.1119853937947,2875.324219851522,385311.8500594089,3244.3031381198693,,,26984.670391948966,27000.0,20300.0,-46.35295989038423,-4.668483193810744,-2681.308394534746,266899.2254299922,1865.0,1630.0,1630.0,0.0,0.0,0.0,-323505.0819325531,4045054.8561167633,3221649.1841998077,460.87481628922177,3222110.059016097
2026-03-18,delta_gamma_vega,high,4,False,False,False,True,True,True,executed,209.8699951171875,2026-04-12|210.0|call,2026-04-12,25,5.678207497022214,0.5243396314747312,0.028947712393406932,21.871305415001864,-43.753778071963985,-1000.0,0.0,2026-03-26|210.0|call (+424) | 2026-06-03|210.0|call (+435),delta_gamma_vega,2617.5297064412425,-647.9492979852226,-309762.1986056098,1043591.982307499,313027.6776100363,,,7047.587884060504,7000.0,-20000.0,-45.900552869552484,1.1144031721299825,-553.9379781915341,76519.67901355843,1765.0,1624.0,1624.0,0.0,0.0,0.0,216252.62741204054,-3981147.2749317093,-759037.2159156124,-108.73509007258683,-759145.951005685
2026-03-19,delta_gamma_vega,medium,4,False,False,False,True,True,True,executed,208.75999450683594,2026-04-12|210.0|call,2026-04-12,24,4.780772969347964,0.4893471700536537,0.030983826154126072,21.34821958067121,-42.54975145237464,-1000.0,0.0,2026-03-27|210.0|call (+445) | 2026-06-04|210.0|call (+417),delta_gamma_vega,-164.5300330681348,77.46500783190231,-1637.1225143773481,-15173.761830112897,1879.1175552773852,,,6918.656718243215,6900.0,-100.0,-12.347922788936557,0.17792611701565875,468.33920054277405,75727.80423403089,1859.0,1721.0,1721.0,0.0,0.0,0.0,-380.58034407485684,-21256.57979475845,-780402.5308004435,-111.85769572699222,-780514.3884961705
2026-03-20,delta_gamma_vega,high,4,False,False,False,True,True,True,executed,205.3699951171875,2026-04-12|210.0|call,2026-04-12,23,3.7514142526756586,0.39633177563568533,0.027809154836825146,19.868332677933505,-45.18914999615844,-1000.0,0.0,2026-03-28|205.0|call (+442) | 2026-06-05|205.0|call (+389),delta_gamma_vega,-117.5756447583226,-137.106318219405,-373.27781173493713,284794.19412025576,627.9597747126647,,,-5596.528269849903,-5600.0,-12500.0,-37.18416063303084,-0.30085108793514337,-2703.5621725926176,42012.29153971397,1862.0,1693.0,1693.0,0.0,0.0,0.0,161056.95790649098,-2406067.9810583526,-3186582.3695545234,-457.50218691647,-3187039.8717414397
2026-03-23,delta_gamma_vega,high,4,False,False,False,True,True,True,executed,210.13999938964844,2026-04-12|210.0|call,2026-04-12,20,5.385966093313485,0.5294461791658056,0.03105423007549151,19.57051186041192,-50.33575689403586,-1000.0,0.0,2026-03-31|210.0|call (+520) | 2026-06-08|210.0|call (+343),delta_gamma_vega,1302.5123583684945,-593.4293923098707,-261853.30979867,814838.5556532783,263749.25154934835,,,6805.198384905489,6800.0,12400.0,-48.74322429381573,-1.3499293120102038,-2928.068254569778,78668.4870828382,1831.0,1694.0,1694.0,0.0,0.0,0.0,-237647.09556475488,2368088.896866886,-818950.9748745537,-117.38297269344199,-819068.3578472472
2026-03-24,delta_gamma_vega,high,4,False,False,False,True,True,True,executed,207.24000549316406,2026-04-12|210.0|call,2026-04-12,19,4.012556642379749,0.4388319390351082,0.030961377308061807,18.640980696425675,-51.365943807335015,-1000.0,0.0,2026-04-03|210.0|call (+636) | 2026-06-07|205.0|call (+278),delta_gamma_vega,-227.4125736798669,0.012905568387850508,-4627.791718669701,81039.9646133451,4855.217197917957,,,2210.4787683167524,2200.0,-4600.0,-46.92384012196089,-1.5377350002035541,-2070.2831820837455,41633.29677693208,1863.0,1777.0,1777.0,0.0,0.0,0.0,63321.19924180777,-889982.8260267469,-1709051.183873994,-245.50655119200286,-1709296.690425186
2026-03-25,delta_gamma_vega,high,4,False,False,False,True,True,True,executed,211.7100067138672,2026-04-12|210.0|call,2026-04-12,18,5.829313399737188,0.5809971336632914,0.032897511437017066,18.36813236037671,-51.28467264415323,-1000.0,0.0,2026-04-02|210.0|call (+575) | 2026-06-10|210.0|call (+300),delta_gamma_vega,319.1680383888415,70.6227373568745,-41855.09865208692,-70196.44021529343,42244.88942783263,,,6208.043126026019,6200.0,4000.0,-7.0765317400910135,-1.1731946794892565,1079.4550746409222,71435.06856303907,1914.0,1789.0,1789.0,0.0,0.0,0.0,-86498.24530047498,760341.7815549937,-948954.9088701922,-136.3181214885248,-949091.2269916808
2026-03-26,delta_gamma_vega,high,4,False,False,False,True,True,True,executed,207.5399932861328,2026-04-12|210.0|call,2026-04-12,17,3.935146820545242,0.44380371592291606,0.032206658077787706,17.6910013494107,-55.19303329849745,-1000.0,0.0,2026-04-04|210.0|call (+650) | 2026-06-10|205.0|call (+256),delta_gamma_vega,-306.6599611131751,55.9040810874414,-1437.1863001065794,-12220.273737358279,1799.750342307196,,,2801.6480938754794,2800.0,-3400.0,-46.70032958090633,-1.970276676030835,-2505.837841035449,47284.073485014844,1875.0,1781.0,1781.0,0.0,0.0,0.0,62401.66140403213,-643234.3157688194,-1592325.5427605002,-228.73882073673866,-1592554.281581237
2026-03-27,delta_gamma_vega,high,4,False,False,False,True,True,True,executed,199.33999633789062,2026-04-12|210.0|call,2026-04-12,16,1.6994976686325387,0.23055149605274244,0.023245689640747517,12.689959395522449,-46.95973682116535,-1000.0,0.0,2026-04-07|200.0|call (+572) | 2026-06-12|200.0|put (+131),delta_gamma_vega,805.1103734839835,-410.5672390109429,74856.36768196849,832450.0002808038,76072.04529446342,,,804.2905872709225,800.0,-2000.0,-9.211150839126276,-3.5927392271264864,-3398.648997761833,159316.56000873476,1906.0,1609.0,1609.0,0.0,0.0,0.0,89065.0478140646,-309614.94486171665,-1902169.2264429536,-272.26684975546135,-1902441.493292709
2026-03-30,delta_gamma_vega,high,4,False,False,False,True,True,True,executed,200.9499969482422,2026-04-12|210.0|call,2026-04-12,13,1.6002196871923076,0.239643050330952,0.026617632188194632,11.779961880238089,-52.56261671991711,-1000.0,0.0,2026-04-07|200.0|call (+560) | 2026-06-10|200.0|put (+148),delta_gamma_vega,3008.404660285366,25.665978200160623,-39125.042175180104,77394.09946441848,42159.11281366563,,,-793.897250844966,-800.0,-1600.0,-12.616229054134237,-0.010061656158654841,320.3862398188794,133593.99894729618,1703.0,291.0,291.0,0.0,0.0,0.0,9929.150062615518,-311590.845054572,-2214032.3383472813,-316.11462155435476,-2214348.452968836
2026-03-31,delta_gamma_vega,high,4,False,False,False,True,True,True,executed,208.27000427246094,2026-04-12|210.0|call,2026-04-12,12,3.09956293538238,0.44709452993528653,0.04171924156019223,14.932741580183079,-60.24160647567963,-1000.0,0.0,2026-04-07|210.0|call (+716) | 2026-06-16|210.0|call (+180),delta_gamma_vega,-704.6553646284392,-2449.307492053841,-693205.8136320957,3310864.939696131,696359.776488778,,,5246.271600459915,5200.0,6000.0,-46.47517978345604,0.02672818958330936,-30.525229214224964,58494.735305967275,1708.0,1604.0,1604.0,0.0,0.0,0.0,-241439.10337993703,1008180.9222548286,-1206167.530714007,-172.30964268021137,-1206339.8403566873
2026-04-01,delta_gamma_vega,medium,4,False,False,False,True,True,True,executed,210.57000732421875,2026-04-12|210.0|call,2026-04-12,11,3.9555754412707813,0.5441903078754763,0.04456642800470868,14.493764548130304,-62.51209556384314,-1000.0,0.0,2026-04-08|210.0|call (+751) | 2026-06-16|210.0|call (+153),delta_gamma_vega,101.31251478885497,171.38371050995522,-1311.4623745881254,-162476.0178444034,1584.1585998869355,,,4780.320582393371,4800.0,-400.0,1.4607721432148537,-0.03520826745304362,-1560.934644483612,52646.281046773016,1896.0,1494.0,1494.0,0.0,0.0,0.0,-1609.5836917240522,-85837.58662141155,-1292177.426978099,-184.85316067072918,-1292362.2801387697
2026-04-02,delta_gamma_vega,medium,4,False,False,False,True,True,True,executed,209.77000427246094,2026-04-12|210.0|call,2026-04-12,10,3.264149602023906,0.5067102115305446,0.04858328756181459,13.849866306652832,-63.48485553106027,-1000.0,0.0,2026-04-09|210.0|call (+799) | 2026-06-18|210.0|call (+120),delta_gamma_vega,-31.918795485162264,130.52575249832432,-2450.34478901932,-103925.3340427691,2612.789337002807,,,4015.057819125408,4000.0,-800.0,-49.02429635386579,-3.984719759366442,-760.86924042803,48753.39875954081,1904.0,1823.0,1823.0,0.0,0.0,0.0,-1582.0569906292367,-169398.060408598,-1461760.3405473677,-209.22895685918508,-1461969.5695042268
2026-04-06,delta_gamma_vega,medium,4,False,False,False,True,True,True,executed,212.7899932861328,2026-04-12|210.0|call,2026-04-12,6,4.303933533432144,0.6788252025929891,0.05479530276803402,9.771373693907083,-76.28374414308719,-1000.0,0.0,2026-04-14|215.0|call (+1101) | 2026-06-22|215.0|put (-93),delta_gamma_vega,2145.043470883633,377.2429427906621,-31658.986730382778,-444945.20329510566,34181.27314405707,,,19203.383615570496,19200.0,15200.0,-12.278651466415795,1.1093342765373109,1262.0615997533314,135759.31035477843,1919.0,2113.0,2113.0,0.0,0.0,0.0,-284685.4172628453,2949722.4806863735,1487752.9111821468,213.8939943717225,1487966.8051765184
2026-04-07,delta_gamma_vega,high,4,False,False,False,True,True,True,executed,213.77000427246094,2026-04-12|210.0|call,2026-04-12,5,4.923691594660056,0.7343919983890368,0.05126589317199483,8.20464120556947,-82.05915888393693,-1000.0,0.0,2026-04-15|215.0|call (+1089) | 2026-06-23|215.0|put (-140),delta_gamma_vega,-295.0930516058188,497.51992051932507,108814.72324965982,-560982.319311298,109607.33622178496,,,17259.463193165753,17300.0,-1900.0,36.81937620937515,-1.4308741690208535,-913.4541395081906,156580.7493318161,2194.0,2423.0,2423.0,0.0,0.0,0.0,-26948.646979120385,-433111.65509679617,1054855.1500797223,151.321483238019,1055006.4715629604
2026-04-08,delta_gamma_vega,medium,4,False,False,False,True,True,True,executed,221.25,2026-04-12|210.0|call,2026-04-12,4,11.346346631302538,0.991716518473161,0.004633738965077323,0.5234648088318995,-12.519912057153336,-1000.0,0.0,2026-04-16|220.0|call (+86) | 2026-06-24|220.0|put (-14),delta_gamma_vega,15137.779913430526,3299.3809145142845,217963.60255014192,-3532518.8635583585,236400.76337808673,,,93504.69144876875,93500.0,76200.0,-9.730246537811468,1.3758896524483646,1431.825277499367,714857.8382020519,2229.0,1329.0,1329.0,0.0,0.0,0.0,-661143.351844564,16198106.648155436,17253113.119718395,2464.7303803809978,17255577.850098778
2026-04-09,delta_gamma_vega,medium,4,False,False,False,True,True,True,executed,233.64999389648438,2026-04-12|210.0|call,2026-04-12,3,23.711914630520397,0.9999999988199748,1.724812768084037e-09,1.5322687592867207e-07,-7.532580243783135,-1000.0,0.0,2026-04-17|235.0|call (+0) | 2026-06-25|235.0|call (+0),delta_gamma_vega,2299.910543442944,23.28857888897328,-35102.40043519717,660223.3845159516,37425.59955752909,,,99999.99885274614,100000.0,6500.0,0.00011800251377280802,-0.0001724812768084037,-0.015322687592867206,753258.0243783136,1100.0,100.0,100.0,0.0,0.0,0.0,-115032.57673399574,1403692.3835931527,18659270.23369193,2656.724710387635,18661926.958402317
2026-04-10,delta_gamma_vega,medium,4,False,False,False,True,True,False,solver_returned_no_trade,238.3800048828125,2026-04-12|210.0|call,2026-04-12,2,28.421344922076344,1.0,2.7790187969503584e-18,1.697868339252467e-16,-7.543814516231369,-1000.0,0.0,2026-04-20|240.0|call (+0) | 2026-06-24|240.0|call (+0),delta_gamma_vega,0.0,-2.7790187969503584e-13,-1.697868339252467e-11,754381.4516231369,1.7256585272219705e-11,,,100000.0,100000.0,0.0,0.0,-2.7790187969503584e-13,-1.697868339252467e-11,754381.4516231369,1000.0,0.0,0.0,0.0,0.0,0.0,0.0,0.0,18661926.958402317,2660.8056488617576,18664587.76405118
